{
  "feature_columns": [
    "logic_math",
    "build_create",
    "help_people",
    "lead_influence",
    "explore_research",
    "nature_outdoors",
    "business_money",
    "risk_ambition",
    "technical_systems",
    "artistic_expression",
    "social_community",
    "structure_detail"
  ],
  "career_classes": [
    "Civil Engineer",
    "Cybersecurity Analyst",
    "Data Scientist",
    "Doctor",
    "Entrepreneur",
    "Environmental Scientist",
    "Financial Analyst",
    "Graphic Designer",
    "Lawyer",
    "Marketing Manager",
    "Product Manager",
    "Psychologist",
    "Software Engineer",
    "Teacher",
    "UX Designer"
  ],
  "xgb_accuracy": 0.9548888888888889,
  "rf_accuracy": 0.9504444444444444,
  "ensemble_accuracy": 0.9548888888888889,
  "cv_mean": 0.9509411764705883,
  "cv_std": 0.002327972090926382,
  "n_train": 25500,
  "n_test": 4500,
  "feature_importance": {
    "logic_math": 0.06354543711861248,
    "build_create": 0.06729632478536181,
    "help_people": 0.0987502135278373,
    "lead_influence": 0.08089566516432421,
    "explore_research": 0.07715836879628794,
    "nature_outdoors": 0.11418385921952967,
    "business_money": 0.07539065642675397,
    "risk_ambition": 0.08163723169180055,
    "technical_systems": 0.11827127173645172,
    "artistic_expression": 0.08402585549415377,
    "social_community": 0.06551679625326773,
    "structure_detail": 0.07332831978561896
  }
}